PRAGMA foreign_keys=OFF;
BEGIN TRANSACTION;
CREATE TABLE "schema_migrations" ("version" varchar NOT NULL PRIMARY KEY);
INSERT INTO "schema_migrations" VALUES('20171103073854');
INSERT INTO "schema_migrations" VALUES('20171103073856');
INSERT INTO "schema_migrations" VALUES('20190404092637');
CREATE TABLE "ar_internal_metadata" ("key" varchar NOT NULL PRIMARY KEY, "value" varchar, "created_at" datetime NOT NULL, "updated_at" datetime NOT NULL);
INSERT INTO "ar_internal_metadata" VALUES('environment','production','2019-04-09 10:44:06.238656','2019-04-09 10:44:06.238656');
CREATE TABLE "feeds" ("id" integer PRIMARY KEY AUTOINCREMENT NOT NULL, "feed_type" varchar, "user_id" integer, "image_file_name" varchar, "exif" varchar(1000), "comment" varchar, "created_at" datetime NOT NULL, "updated_at" datetime NOT NULL);
INSERT INTO "feeds" VALUES(1,'text',1,NULL,NULL,'発言テスト。アプリちゃんと動くかな','2017-12-12 21:49:55','2017-12-12 21:49:55');
INSERT INTO "feeds" VALUES(2,'text',1,NULL,NULL,'こいつ・・・動くぞ！','2017-12-12 21:50:03','2017-12-12 21:50:03');
INSERT INTO "feeds" VALUES(3,'text',1,NULL,NULL,'画像投稿テスト','2017-12-12 21:50:11','2017-12-12 21:50:11');
INSERT INTO "feeds" VALUES(4,'image',1,'4.jpg','Sony SO-04H',NULL,'2017-12-12 21:50:22','2017-12-12 21:50:22');
INSERT INTO "feeds" VALUES(5,'text',1,NULL,NULL,'お・・・画像も投稿できた','2017-12-12 21:50:33','2017-12-12 21:50:33');
INSERT INTO "feeds" VALUES(6,'image',1,'6.jpg','Sony SO-04H',NULL,'2017-12-12 21:50:48','2017-12-12 21:50:48');
INSERT INTO "feeds" VALUES(7,'text',1,NULL,NULL,'はるぷさん、発言見えてます？','2017-12-12 21:51:27','2017-12-12 21:51:27');
INSERT INTO "feeds" VALUES(8,'text',2,NULL,NULL,'おつかれ。見えてるよ','2017-12-12 21:51:35','2017-12-12 21:51:35');
INSERT INTO "feeds" VALUES(9,'text',2,NULL,NULL,'画像も投稿できるのね。ディスク足りなくなりそうだから、容量を把握する仕組み考えないとね','2017-12-12 21:51:43','2017-12-12 21:51:43');
INSERT INTO "feeds" VALUES(10,'text',1,NULL,NULL,'あ、たしかにそうっすね。サクっと作ってみます','2017-12-12 21:51:52','2017-12-12 21:51:52');
INSERT INTO "feeds" VALUES(11,'text',1,NULL,NULL,'こんなんどうでしょう。サーバでPHP動かなかったので苦戦した・・・','2017-12-12 21:52:07','2017-12-12 21:52:07');
INSERT INTO "feeds" VALUES(12,'text',1,NULL,NULL,'http://localhost/disk_monitor.php','2017-12-12 21:52:20','2017-12-12 21:52:20');
INSERT INTO "feeds" VALUES(13,'text',2,NULL,NULL,'お、いいね。ところでこのSNS、言語は何使ったの？','2017-12-12 21:52:55','2017-12-12 21:52:55');
INSERT INTO "feeds" VALUES(14,'text',1,NULL,NULL,'Railsですよー。','2017-12-12 21:53:05','2017-12-12 21:53:05');
INSERT INTO "feeds" VALUES(15,'text',2,NULL,NULL,'Railsアプリの上でPHP動いてるの？','2017-12-12 21:53:11','2017-12-12 21:53:11');
INSERT INTO "feeds" VALUES(16,'text',1,NULL,NULL,'はいー。え、だめっすか？','2017-12-12 21:53:17','2017-12-12 21:53:17');
INSERT INTO "feeds" VALUES(17,'text',2,NULL,NULL,'うーん','2017-12-12 21:53:22','2017-12-12 21:53:22');
INSERT INTO "feeds" VALUES(18,'text',1,NULL,NULL,'ひとまずこれで完成っすね。おつかれっした！','2017-12-12 21:53:30','2017-12-12 21:53:30');
INSERT INTO "feeds" VALUES(19,'text',3,NULL,NULL,'はじめまして！脆弱太郎（ぜいじゃくたろう）と言います。会社のみんなからは、略してゼータって呼ばれてます！','2017-12-12 21:55:06','2017-12-12 21:55:06');
INSERT INTO "feeds" VALUES(20,'text',3,NULL,NULL,'好きなHTTPヘッダは「WWW-Authenticate」です。理由は、なんとなく笑ってそうなんで','2017-12-12 21:55:17','2017-12-12 21:55:17');
INSERT INTO "feeds" VALUES(21,'text',4,NULL,NULL,'こんにちはー。好きな食べ物はラーメンっす。','2017-12-12 21:55:39','2017-12-12 21:55:39');
INSERT INTO "feeds" VALUES(22,'text',4,NULL,NULL,'今日も野菜マシマシっす。健康感じるっす。','2017-12-12 21:56:24','2017-12-12 21:56:24');
INSERT INTO "feeds" VALUES(23,'text',5,NULL,NULL,'じろうくん、おひさしぶりー。友達申請ありがとー','2017-12-12 21:56:38','2017-12-12 21:56:38');
INSERT INTO "feeds" VALUES(24,'text',5,NULL,NULL,'相変わらずラーメン好きだねー。僕はこれから朝ごはん。ほら、マンガ肉だよー','2017-12-12 21:57:05','2017-12-12 21:57:05');
INSERT INTO "feeds" VALUES(25,'image',5,'25.jpg','Sony SO-04H',NULL,'2017-12-12 21:57:16','2017-12-12 21:57:16');
INSERT INTO "feeds" VALUES(26,'text',4,NULL,NULL,'うわぁ、朝からすごいね！','2017-12-12 21:57:33','2017-12-12 21:57:33');
INSERT INTO "feeds" VALUES(27,'text',6,NULL,NULL,'Bad SNSのアカウント作ってみた','2017-12-12 21:59:31','2017-12-12 21:59:31');
INSERT INTO "feeds" VALUES(28,'text',6,NULL,NULL,'飯テロしに来たぞ〜','2017-12-12 21:59:59','2017-12-12 21:59:59');
INSERT INTO "feeds" VALUES(29,'image',6,'29.jpg',' ',NULL,'2017-12-12 22:00:10','2017-12-12 22:00:10');
INSERT INTO "feeds" VALUES(30,'image',6,'30.jpg',' ',NULL,'2017-12-12 22:00:17','2017-12-12 22:00:17');
INSERT INTO "feeds" VALUES(31,'image',6,'31.jpg',' ',NULL,'2017-12-12 22:00:26','2017-12-12 22:00:26');
INSERT INTO "feeds" VALUES(32,'text',1,NULL,NULL,'くっ・・・もはや暴力・・・','2017-12-12 22:00:37','2017-12-12 22:00:37');
INSERT INTO "feeds" VALUES(33,'image',6,'33.jpg',' ',NULL,'2017-12-12 22:00:48','2017-12-12 22:00:48');
INSERT INTO "feeds" VALUES(34,'image',6,'34.jpg',' ',NULL,'2017-12-12 22:00:56','2017-12-12 22:00:56');
INSERT INTO "feeds" VALUES(35,'text',1,NULL,NULL,'ぐはっ・・・','2017-12-12 22:01:03','2017-12-12 22:01:03');
INSERT INTO "feeds" VALUES(36,'text',6,NULL,NULL,'さて、これから神田へミニ四駆走らせに行ってきます','2017-12-12 22:01:10','2017-12-12 22:01:10');
INSERT INTO "feeds" VALUES(37,'text',7,NULL,NULL,'新機能を実装しました！','2019-04-12 05:14:23.233251','2019-04-12 05:14:23.233251');
INSERT INTO "feeds" VALUES(38,'text',7,NULL,NULL,'URLを投稿するとページのサムネイルが展開される機能です！ https://http.cat/','2019-04-12 05:14:37.312192','2019-04-12 05:14:37.312192');
INSERT INTO "feeds" VALUES(39,'text',7,NULL,NULL,'画像のURLもちゃんとサムネイルになりますよ！ https://rubyonrails.org/images/imagine.png','2019-04-12 05:14:47.492130','2019-04-12 05:14:47.492130');
INSERT INTO "feeds" VALUES(40,'text',7,NULL,NULL,'あと、パスワードリセット機能も追加しました。これでパスワード忘れちゃっても安心ですね！','2019-04-12 05:16:15.529535','2019-04-12 05:16:15.529535');
INSERT INTO "feeds" VALUES(41,'text',8,NULL,NULL,'I AM HACKERMAN https://i.ytimg.com/vi/KEkrWRHCDQU/maxresdefault.jpg','2019-04-12 06:21:10.241826','2019-04-12 06:21:10.241826');
INSERT INTO "feeds" VALUES(42,'text',8,NULL,NULL,'i pwned this server :)','2019-04-12 06:22:23.948576','2019-04-12 06:22:23.948576');
INSERT INTO "feeds" VALUES(43,'text',8,NULL,NULL,'All your base are belong to us.','2019-04-12 06:22:48.249745','2019-04-12 06:22:48.249745');
CREATE TABLE "friends" ("id" integer PRIMARY KEY AUTOINCREMENT NOT NULL, "from_user_id" integer, "to_user_id" integer, "created_at" datetime NOT NULL, "updated_at" datetime NOT NULL);
INSERT INTO "friends" VALUES(1,1,2,'2017-12-12 21:51:14','2017-12-12 21:51:14');
INSERT INTO "friends" VALUES(2,3,4,'2017-12-12 21:55:29','2017-12-12 21:55:29');
INSERT INTO "friends" VALUES(3,4,5,'2017-12-12 21:56:30','2017-12-12 21:56:30');
INSERT INTO "friends" VALUES(4,6,1,'2017-12-12 21:59:53','2017-12-12 21:59:53');
INSERT INTO "friends" VALUES(5,7,6,'2019-04-12 05:12:28.306816','2019-04-12 05:12:28.306816');
INSERT INTO "friends" VALUES(6,7,1,'2019-04-12 05:12:40.224101','2019-04-12 05:12:40.224101');
INSERT INTO "friends" VALUES(7,7,2,'2019-04-12 05:12:43.508483','2019-04-12 05:12:43.508483');
CREATE TABLE "users" ("id" integer PRIMARY KEY AUTOINCREMENT NOT NULL, "login_id" varchar, "name" varchar, "email" varchar, "pass" varchar, "icon_file_name" varchar, "admin" boolean DEFAULT 'f' NOT NULL, "created_at" datetime NOT NULL, "updated_at" datetime NOT NULL);
INSERT INTO "users" VALUES(1,'nishimunea','nishimunea','nishimunea@example.com','e10adc3949ba59abbe56e057f20f883e','47c0427a-1661-4b34-9a75-57f3701b3831.jpg','t','2017-12-12 21:49:43','2017-12-12 21:49:43');
INSERT INTO "users" VALUES(2,'harupu','harupu','harupu@example.com','5f4dcc3b5aa765d61d8327deb882cf99','73deebc8-db64-45b9-b5ed-e8686f9105bb.jpg','t','2017-12-12 21:51:04','2017-12-12 21:51:04');
INSERT INTO "users" VALUES(3,'taro','たろう','taro@example.com','0571749e2ac330a7455809c6b0e7af90','','f','2017-12-12 21:54:28','2017-12-12 21:54:28');
INSERT INTO "users" VALUES(4,'jiro','じろう','jiro@example.com','d8578edf8458ce06fbc5bb76a58c5ca4','','f','2017-12-12 21:54:50','2017-12-12 21:54:50');
INSERT INTO "users" VALUES(5,'saburo','さぶろう','saburo@example.com','40be4e59b9a2a2b5dffb918c0e86b3d7','','f','2017-12-12 21:56:03','2017-12-12 21:56:03');
INSERT INTO "users" VALUES(6,'yumano','ゆまの','yumano@example.com','e99a18c428cb38d5f260853678922e03','8d7e4381-7b85-401f-9136-289c007d0865.jpg','t','2017-12-12 21:59:06','2017-12-12 21:59:06');
INSERT INTO "users" VALUES(7,'ommadawn46','ひらすけ','ommadawn46@example.com','3858f62230ac3c915f300c664312c63f','c83860a9-a204-4bd7-950c-a21c1d4df525.png','t','2019-04-12 05:12:11.207106','2019-04-12 05:12:11.207106');
INSERT INTO "users" VALUES(8,'HACKERMAN','HACKERMAN','l33t@example.com','be121740bf988b2225a313fa1f107ca1','022eace0-da52-42ef-818b-5b3cfff0fb22.png','f','2019-04-12 06:20:27.805137','2019-04-12 06:20:27.805137');
DELETE FROM sqlite_sequence;
INSERT INTO "sqlite_sequence" VALUES('feeds',41);
INSERT INTO "sqlite_sequence" VALUES('friends',7);
INSERT INTO "sqlite_sequence" VALUES('users',8);
COMMIT;
